Class,Frequency,A,B,C
0.5 – 3.5,3,3,38,0.078947
3.5 – 6.5,6,9,35,0.157895
6.5 – 9.5,10,19,29,0.263158
9.5 – 12.5,5,24,19,0.131579
12.5 – 15.5,5,29,14,0.131579
15.5 – 18.5,9,38,9,0.236842
